Type,Local Number,Message,Field 1,Value 1,Units 1,Field 2,Value 2,Units 2,Field 3,Value 3,Units 3,Field 4,Value 4,Units 4,Field 5,Value 5,Units 5,Field 6,Value 6,Units 6,Field 7,Value 7,Units 7
Definition,0,file_id,type,1,,manufacturer,1,,product,1,,serial_number,1,,time_created,1,,,,,,,
Data,0,file_id,type,5,,manufacturer,15,,garmin_product,22,,serial_number,1234,,time_created,1136994023,,,,,,,
Definition,0,workout,wkt_name,20,,sport,1,,sub_sport,1,,pool_length,1,m,pool_length_unit,1,,num_valid_steps,1,,,,,,,
Definition,0,workout_step,message_index,1,,wkt_step_name,20,,duration_type,1,,duration_value,1,,target_type,1,,target_value,1,,intensity,1,,,,,,,
Data,0,workout,wkt_name,W4-S2 Ladder,,sport,5,,sub_sport,0,,pool_length,22.86,m,pool_length_unit,1,,num_valid_steps,18,,,,,,,
Data,0,workout_step,message_index,0,,wkt_step_name,WU,,duration_type,1,,duration_distance,274.32,m,target_type,11,,target_stroke_type,5,,intensity,2,
Data,0,workout_step,message_index,1,,wkt_step_name,Ladder50,,duration_type,1,,duration_distance,45.72,m,target_type,11,,target_stroke_type,0,,intensity,5,
Data,0,workout_step,message_index,2,,wkt_step_name,Rest,,duration_type,0,,duration_time,20.0,s,target_type,2,,target_value,0,,intensity,1,
Data,0,workout_step,message_index,3,,wkt_step_name,Ladder100,,duration_type,1,,duration_distance,91.44,m,target_type,11,,target_stroke_type,0,,intensity,5,
Data,0,workout_step,message_index,4,,wkt_step_name,Rest2,,duration_type,0,,duration_time,20.0,s,target_type,2,,target_value,0,,intensity,1,
Data,0,workout_step,message_index,5,,wkt_step_name,Ladder150,,duration_type,1,,duration_distance,137.16,m,target_type,11,,target_stroke_type,0,,intensity,5,
Data,0,workout_step,message_index,6,,wkt_step_name,Rest3,,duration_type,0,,duration_time,25.0,s,target_type,2,,target_value,0,,intensity,1,
Data,0,workout_step,message_index,7,,wkt_step_name,Ladder200,,duration_type,1,,duration_distance,182.88,m,target_type,11,,target_stroke_type,0,,intensity,5,
Data,0,workout_step,message_index,8,,wkt_step_name,Rest4,,duration_type,0,,duration_time,25.0,s,target_type,2,,target_value,0,,intensity,1,
Data,0,workout_step,message_index,9,,wkt_step_name,Ladder150b,,duration_type,1,,duration_distance,137.16,m,target_type,11,,target_stroke_type,0,,intensity,5,
Data,0,workout_step,message_index,10,,wkt_step_name,Rest5,,duration_type,0,,duration_time,20.0,s,target_type,2,,target_value,0,,intensity,1,
Data,0,workout_step,message_index,11,,wkt_step_name,Ladder100b,,duration_type,1,,duration_distance,91.44,m,target_type,11,,target_stroke_type,0,,intensity,5,
Data,0,workout_step,message_index,12,,wkt_step_name,Rest6,,duration_type,0,,duration_time,20.0,s,target_type,2,,target_value,0,,intensity,1,
Data,0,workout_step,message_index,13,,wkt_step_name,Ladder50b,,duration_type,1,,duration_distance,45.72,m,target_type,11,,target_stroke_type,0,,intensity,5,
Data,0,workout_step,message_index,14,,wkt_step_name,Sprint25,,duration_type,1,,duration_distance,22.86,m,target_type,11,,target_stroke_type,0,,intensity,5,
Data,0,workout_step,message_index,15,,wkt_step_name,Sprint25-R,,duration_type,0,,duration_time,45.0,s,target_type,2,,target_value,0,,intensity,1,
Data,0,workout_step,message_index,16,,wkt_step_name,Sprint25x6,,duration_type,6,,duration_step,14,,target_type,2,,repeat_steps,6,,intensity,0,
Data,0,workout_step,message_index,17,,wkt_step_name,CD,,duration_type,1,,duration_distance,182.88,m,target_type,11,,target_stroke_type,5,,intensity,3,
